Dataset,Metric,우리 모델,CBraMod,CSBrain,REVE,우리 모델_seed42,우리 모델_seed696,우리 모델_seed1001,우리 모델_seed1234,우리 모델_seed3407,우리 모델_mean,우리 모델_sd,우리 모델_n,우리 모델_rank,CBraMod_mean,CBraMod_sd,CBraMod_n,CBraMod_rank,CSBrain_mean,CSBrain_sd,CSBrain_n,CSBrain_rank,REVE_mean,REVE_sd,REVE_n,REVE_rank
BCIC-IV-2a,balanced_accuracy,0.5306 ± 0.0564,0.5138 ± 0.0066,<u>0.5657 ± 0.0071</u>,**0.6396 ± 0.0095**,0.576388889,0.510416667,0.6015625,0.439236111,0.525173611,0.530555556,0.056420673,5,3,0.5138,0.0066,,4,0.5657,0.0071,,2,0.6396,0.0095,,1
BCIC-IV-2a,weighted_f1,0.5065 ± 0.0673,0.4984 ± 0.0085,<u>0.5637 ± 0.0087</u>,**0.6339 ± 0.0110**,0.560392015,0.482263571,0.591333791,0.397298142,0.501271086,0.506511721,0.067291771,5,3,0.4984,0.0085,,4,0.5637,0.0087,,2,0.6339,0.011,,1
BCIC-IV-2a,kappa,0.3741 ± 0.0752,0.3518 ± 0.0094,<u>0.4209 ± 0.0093</u>,**0.5194 ± 0.0126**,0.435185185,0.347222222,0.46875,0.252314815,0.366898148,0.374074074,0.075227564,5,3,0.3518,0.0094,,4,0.4209,0.0093,,2,0.5194,0.0126,,1
CHB-MIT,balanced_accuracy,**0.8261 ± 0.0236**,<u>0.7398 ± 0.0284</u>,0.7262 ± 0.0115,—,0.783798069,0.842611905,0.844787416,0.842909667,0.816626395,0.826146691,0.023594996,5,1,0.7398,0.0284,,2,0.7262,0.0115,,3,,,,
CHB-MIT,auroc,**0.9140 ± 0.0127**,0.8892 ± 0.0154,<u>0.8915 ± 0.0321</u>,—,0.918949505,0.930676655,0.903779695,0.921271522,0.895291474,0.91399377,0.012727504,5,1,0.8892,0.0154,,3,0.8915,0.0321,,2,,,,
CHB-MIT,auprc,<u>0.3723 ± 0.0673</u>,0.3689 ± 0.0382,**0.5164 ± 0.0449**,—,0.353606528,0.442653875,0.339859912,0.452245995,0.272888285,0.372250919,0.067268881,5,2,0.3689,0.0382,,3,0.5164,0.0449,,1,,,,
FACED,balanced_accuracy,**0.5926 ± 0.0045**,0.5509 ± 0.0089,<u>0.5752 ± 0.0042</u>,0.5646 ± 0.0164,0.592860977,0.587761675,0.597155126,0.587224906,0.597826087,0.592565754,0.004481616,5,1,0.5509,0.0089,,4,0.5752,0.0042,,2,0.5646,0.0164,,3
FACED,weighted_f1,**0.5972 ± 0.0047**,0.5618 ± 0.0093,<u>0.5796 ± 0.0031</u>,0.5659 ± 0.0172,0.600354754,0.593233908,0.601411599,0.589960724,0.601286073,0.597249412,0.004743645,5,1,0.5618,0.0093,,4,0.5796,0.0031,,2,0.5659,0.0172,,3
FACED,kappa,**0.5411 ± 0.0054**,0.5041 ± 0.0122,<u>0.5204 ± 0.0036</u>,0.5080 ± 0.0191,0.542422469,0.535085524,0.546416717,0.534530588,0.54710523,0.541112106,0.005392765,5,1,0.5041,0.0122,,4,0.5204,0.0036,,2,0.508,0.0191,,3
HMC,balanced_accuracy,<u>0.7392 ± 0.0034</u>,—,—,**0.7401**,0.737618508,0.739896724,0.73345234,0.74303922,0.741792968,0.739159952,0.003390493,5,2,,,,,,,,,0.7401,,,1
HMC,weighted_f1,**0.7601 ± 0.0026**,—,—,—,0.762307208,0.759519702,0.755982374,0.759584815,0.763315789,0.760141977,0.002559737,5,1,,,,,,,,,,,,
HMC,kappa,**0.6934 ± 0.0045**,—,—,—,0.694863367,0.68865744,0.687779263,0.69592679,0.699548793,0.693355131,0.004481256,5,1,,,,,,,,,,,,
ISRUC,balanced_accuracy,<u>0.7868 ± 0.0131</u>,0.7865 ± 0.0110,**0.7925 ± 0.0030**,0.7819 ± 0.0078,0.793369823,0.79342508,0.79237095,0.760724818,0.794262909,0.786830716,0.013066714,5,2,0.7865,0.011,,3,0.7925,0.003,,1,0.7819,0.0078,,4
ISRUC,weighted_f1,**0.8080 ± 0.0133**,<u>0.8011 ± 0.0099</u>,0.7990 ± 0.0091,0.8005 ± 0.0135,0.813747682,0.821770883,0.810082818,0.782659428,0.81197267,0.808046696,0.013303586,5,1,0.8011,0.0099,,2,0.799,0.0091,,4,0.8005,0.0135,,3
ISRUC,kappa,<u>0.7493 ± 0.0125</u>,0.7442 ± 0.0152,0.7406 ± 0.0102,**0.7500 ± 0.0156**,0.751107457,0.768992635,0.747267205,0.72950768,0.749454845,0.749265964,0.012545542,5,2,0.7442,0.0152,,3,0.7406,0.0102,,4,0.75,0.0156,,1
MentalArithmetic,balanced_accuracy,0.7389 ± 0.0235,0.7256 ± 0.0132,<u>0.7558 ± 0.0106</u>,**0.7660 ± 0.0355**,0.708333333,0.770833333,0.75,0.715277778,0.75,0.738888889,0.023488242,5,3,0.7256,0.0132,,4,0.7558,0.0106,,2,0.766,0.0355,,1
MentalArithmetic,auroc,**0.8806 ± 0.0580**,0.7905 ± 0.0073,<u>0.8478 ± 0.0297</u>,0.8450 ± 0.0514,0.82067419,0.945240162,0.908709491,0.801938657,0.926432292,0.880598958,0.058047916,5,1,0.7905,0.0073,,4,0.8478,0.0297,,2,0.845,0.0514,,3
MentalArithmetic,auprc,**0.7867 ± 0.0751**,0.6267 ± 0.0099,0.6696 ± 0.0221,<u>0.7470 ± 0.0807</u>,0.70778707,0.858680746,0.811479402,0.688399754,0.867349566,0.786739308,0.075086324,5,1,0.6267,0.0099,,4,0.6696,0.0221,,3,0.747,0.0807,,2
Mumtaz,balanced_accuracy,0.9140 ± 0.0066,0.9560 ± 0.0056,<u>0.9643 ± 0.0155</u>,**0.9644 ± 0.0097**,0.918223878,0.911432617,0.922527239,0.903153251,0.914899857,0.914047368,0.006566535,5,4,0.956,0.0056,,3,0.9643,0.0155,,2,0.9644,0.0097,,1
Mumtaz,auroc,0.9765 ± 0.0025,0.9921 ± 0.0025,<u>0.9956 ± 0.0020</u>,**0.9957 ± 0.0015**,0.975992569,0.97866188,0.979844452,0.972843137,0.975052786,0.976478965,0.002513222,5,4,0.9921,0.0025,,3,0.9956,0.002,,2,0.9957,0.0015,,1
Mumtaz,auprc,0.9797 ± 0.0021,0.9923 ± 0.0032,<u>0.9936 ± 0.0034</u>,**0.9961 ± 0.0013**,0.979189731,0.981831732,0.982330533,0.976564648,0.978545705,0.97969247,0.002139482,5,4,0.9923,0.0032,,3,0.9936,0.0034,,2,0.9961,0.0013,,1
PhysioNet-MI,balanced_accuracy,**0.6493 ± 0.0085**,0.6417 ± 0.0091,0.6304 ± 0.0090,<u>0.6480 ± 0.0140</u>,0.633574301,0.647325785,0.656167989,0.653403794,0.656174203,0.649329214,0.008514176,5,1,0.6417,0.0091,,3,0.6304,0.009,,4,0.648,0.014,,2
PhysioNet-MI,weighted_f1,**0.6495 ± 0.0089**,0.6427 ± 0.0100,0.6308 ± 0.0095,<u>0.6484 ± 0.0170</u>,0.632732795,0.648082537,0.65620187,0.653922346,0.656473372,0.649482584,0.008902213,5,1,0.6427,0.01,,3,0.6308,0.0095,,4,0.6484,0.017,,2
PhysioNet-MI,kappa,**0.5324 ± 0.0114**,0.5222 ± 0.0169,0.5071 ± 0.0120,<u>0.5306 ± 0.0187</u>,0.511260885,0.529693842,0.541514725,0.537822381,0.541513409,0.532361048,0.011399233,5,1,0.5222,0.0169,,3,0.5071,0.012,,4,0.5306,0.0187,,2
SEED-V,balanced_accuracy,**0.4211 ± 0.0034**,0.4091 ± 0.0097,<u>0.4197 ± 0.0033</u>,—,0.425653193,0.419825616,0.415802035,0.42353302,0.420909278,0.421144628,0.00335768,5,1,0.4091,0.0097,,3,0.4197,0.0033,,2,,,,
SEED-V,weighted_f1,**0.4291 ± 0.0040**,0.4101 ± 0.0108,<u>0.4280 ± 0.0023</u>,—,0.434490674,0.426916007,0.422878404,0.431420859,0.42966362,0.429073913,0.003955707,5,1,0.4101,0.0108,,3,0.428,0.0023,,2,,,,
SEED-V,kappa,**0.2798 ± 0.0050**,0.2569 ± 0.0143,<u>0.2785 ± 0.0034</u>,—,0.285940469,0.277147927,0.271645451,0.28377345,0.280314727,0.279764405,0.005045442,5,1,0.2569,0.0143,,3,0.2785,0.0034,,2,,,,
Siena,balanced_accuracy,**0.8232 ± 0.0285**,—,<u>0.7662</u>,—,0.83357958,0.78787619,0.867848853,0.829768208,0.797134199,0.823241406,0.028536244,5,1,,,,,0.7662,,,2,,,,
Siena,auroc,**0.9239 ± 0.0068**,—,—,—,0.920348991,0.918806116,0.937261682,0.923117649,0.919988366,0.923904561,0.006826488,5,1,,,,,,,,,,,,
Siena,auprc,**0.4362 ± 0.0451**,—,—,—,0.45949708,0.377351322,0.508024022,0.431028266,0.40497793,0.436175724,0.045091402,5,1,,,,,,,,,,,,
BCIC2020-3,balanced_accuracy,0.4571 ± 0.0091,0.5373 ± 0.0108,**0.6004 ± 0.0187**,<u>0.5635 ± 0.0123</u>,0.445333333,0.450666667,0.454666667,0.470666667,0.464,0.457066667,0.009136982,5,4,0.5373,0.0108,,3,0.6004,0.0187,,1,0.5635,0.0123,,2
BCIC2020-3,weighted_f1,0.4573 ± 0.0090,0.5383 ± 0.0096,**0.6003 ± 0.0192**,<u>0.5633 ± 0.0124</u>,0.446109301,0.450714428,0.454685358,0.470614468,0.464515869,0.457327885,0.008997531,5,4,0.5383,0.0096,,3,0.6003,0.0192,,1,0.5633,0.0124,,2
BCIC2020-3,kappa,0.3213 ± 0.0114,0.4216 ± 0.0163,**0.5006 ± 0.0233**,<u>0.4543 ± 0.0154</u>,0.306666667,0.313333333,0.318333333,0.338333333,0.33,0.321333333,0.011421228,5,4,0.4216,0.0163,,3,0.5006,0.0233,,1,0.4543,0.0154,,2
TUAB,balanced_accuracy,0.8163 ± 0.0012,<u>0.8289 ± 0.0022</u>,0.8172 ± 0.0043,**0.8315 ± 0.0014**,0.816593794,0.815127704,0.818307078,0.816326537,0.815188132,0.816308649,0.001159787,5,4,0.8289,0.0022,,2,0.8172,0.0043,,3,0.8315,0.0014,,1
TUAB,auroc,0.8935 ± 0.0019,<u>0.9227 ± 0.0011</u>,0.8957 ± 0.0046,**0.9245 ± 0.0013**,0.895506751,0.894942593,0.89271923,0.890119373,0.894342573,0.893526104,0.001941798,5,4,0.9227,0.0011,,2,0.8957,0.0046,,3,0.9245,0.0013,,1
TUAB,auprc,0.9038 ± 0.0015,<u>0.9258 ± 0.0008</u>,0.9005 ± 0.0066,**0.9281 ± 0.0009**,0.906065107,0.904077855,0.903734439,0.901368881,0.903899563,0.903829169,0.001491858,5,3,0.9258,0.0008,,2,0.9005,0.0066,,4,0.9281,0.0009,,1
TUEV,balanced_accuracy,<u>0.6901 ± 0.0145</u>,0.6671 ± 0.0107,**0.6903 ± 0.0059**,0.6759 ± 0.0229,0.699841793,0.696971948,0.662319523,0.689849385,0.701508618,0.690098253,0.014450609,5,2,0.6671,0.0107,,4,0.6903,0.0059,,1,0.6759,0.0229,,3
TUEV,weighted_f1,**0.8467 ± 0.0061**,0.8342 ± 0.0064,0.8333 ± 0.0057,<u>0.8451 ± 0.0129</u>,0.85278805,0.853862883,0.83713118,0.844375322,0.845570884,0.846745664,0.006109045,5,1,0.8342,0.0064,,3,0.8333,0.0057,,4,0.8451,0.0129,,2
TUEV,kappa,**0.7072 ± 0.0116**,0.6772 ± 0.0096,<u>0.6833 ± 0.0047</u>,0.6783 ± 0.0199,0.719420718,0.718487149,0.687621249,0.705374953,0.704953041,0.707171422,0.011562428,5,1,0.6772,0.0096,,4,0.6833,0.0047,,2,0.6783,0.0199,,3
